{
  "logistic_regression": {
    "accuracy": 0.6948051948051948,
    "precision": 0.5777777777777777,
    "recall": 0.48148148148148145,
    "f1": 0.5252525252525253,
    "roc_auc": 0.8116666666666666
  },
  "random_forest": {
    "accuracy": 0.7792207792207793,
    "precision": 0.7083333333333334,
    "recall": 0.6296296296296297,
    "f1": 0.6666666666666666,
    "roc_auc": 0.8126851851851851
  },
  "gradient_boosting": {
    "accuracy": 0.7662337662337663,
    "precision": 0.6956521739130435,
    "recall": 0.5925925925925926,
    "f1": 0.64,
    "roc_auc": 0.8249999999999998
  }
}