{
  "logistic_regression": {
    "accuracy": 0.47804878048780486,
    "precision": 0.4915254237288136,
    "recall": 0.5523809523809524,
    "f1": 0.5201793721973094,
    "roc_auc": 0.4757142857142857
  },
  "random_forest": {
    "accuracy": 0.5463414634146342,
    "precision": 0.56,
    "recall": 0.5333333333333333,
    "f1": 0.5463414634146342,
    "roc_auc": 0.5333333333333333
  },
  "gradient_boosting": {
    "accuracy": 0.4975609756097561,
    "precision": 0.5087719298245614,
    "recall": 0.5523809523809524,
    "f1": 0.5296803652968036,
    "roc_auc": 0.4761904761904762
  }
}